text,label
"Jokic's assist-to-turnover ratio this playoffs is 4.8:1, the best of any center in postseason history.",analysis
"The Celtics' net rating in clutch situations this season is +9.2 — statistically the best in the league.",analysis
"LeBron's usage rate drops by an average of 4.2% in Game 7s compared to earlier playoff rounds, per Basketball-Reference.",analysis
"Giannis has the highest true shooting percentage among forwards with 20+ playoff games since 2018.",analysis
"The Warriors' pace drops to bottom-5 in the league when Draymond plays fewer than 30 minutes — he controls their tempo more than Steph.",analysis
"According to synergy data, the Nuggets score 1.18 PPP on pick-and-roll plays with Jokic as the ball handler — top 1% league-wide.",analysis
"Tatum's shot distribution shows 38% pull-up jumpers — the highest of any wing in the East playoffs.",analysis
"The Bucks have allowed 114.3 points per 100 possessions in the 4th quarter this season, ranking 28th defensively.",analysis
"Luka's step-back 3 has a 41.2% conversion rate this season, which is elite for a shot that requires that degree of difficulty.",analysis
"KD's efficiency in isolation (1.06 PPP) actually exceeds his efficiency in catch-and-shoot scenarios (0.98 PPP) — he's better as a creator than a spot-up shooter.",analysis
"Looking at the last 10 NBA Finals, teams with a top-5 defense have won 8 of them — defense still wins championships.",analysis
"Zion's per-36 numbers are essentially identical to prime Shaq — but his injury rate means we'll never see a full season of that.",analysis
"The Heat's defensive scheme relies on forcing teams to the right side — their opponents' right-side shot percentage drops by 6 points against Miami.",analysis
"Damian Lillard's fourth-quarter scoring average in elimination games (9.3 ppg) is the highest of any active player.",analysis
"When the Lakers play small-ball lineups, their defensive rating drops by 7.4 points per 100 possessions — they can't hide weak defenders.",analysis
"Ja Morant's paint scoring efficiency (64.2 FG%) at the rim is second only to Giannis among guards and forwards under 25.",analysis
"The Sixers' half-court offense ranks 4th in the league, but their transition offense ranks 22nd — they're a stylistically slow team.",analysis
"Anthony Edwards has improved his 3-point percentage by 6 points each of his first three seasons — his trajectory mirrors Steph's early development.",analysis
"Per Second Spectrum tracking, Joker averages 4.1 secondary assists per game — passes that lead to assists — the highest in the league.",analysis
"The Knicks' rebounding rate improves by 9% when Randle plays the 5 versus the 4, per lineup data.",analysis
"Chris Paul's pick-and-roll defense grade this season is elite — he ranks in the 94th percentile for guards, per Synergy.",analysis
"The Suns score 118 PPP in transition but drop to 103 in half-court sets — they need pace to be effective.",analysis
"In his last 3 playoff runs, Kawhi Leonard has posted a defensive rating under 100 in every series — still an elite two-way player.",analysis
"Victor Wembanyama's block rate of 5.1 per 36 minutes is the highest for a rookie since David Robinson in 1990.",analysis
"Jaylen Brown's defensive win shares per 48 minutes rank in the top 10 for wings since 2022 — he's criminally underrated defensively.",analysis
"OKC's bench unit has outscored opponents by +11.2 per 100 possessions — the best bench differential in the league.",analysis
"Tyrese Haliburton's assist percentage of 52.1% ranks higher than Steve Nash's peak seasons.",analysis
"The Raptors' switch-heavy scheme reduces opponents' 3-point attempts by 18% — they funnel everything to the mid-range.",analysis
"Bam Adebayo's on/off defensive split is -8.4 points per 100 — when he sits, the Heat defense collapses.",analysis
"LeBron's box plus-minus in his age-38 season (+5.1) exceeds the career average BPM of 12 Hall of Famers.",analysis
"Draymond Green's defensive RAPTOR rating has declined 3 consecutive seasons — he's no longer an elite individual defender.",analysis
"The Lakers score 6.2 more points per 100 possessions when LeBron plays with AD versus without him — their chemistry is statistically irreplaceable.",analysis
"Paolo Banchero's mid-range efficiency (47.3%) in his second season places him in the 89th percentile for forwards.",analysis
"The Warriors shoot 14 more 3-pointers per game than the league average — their entire offense is built around spacing.",analysis
"Donovan Mitchell's true shooting percentage in Cleveland (61.4%) is 4 points higher than it was in Utah — environment matters.",analysis
"LeBron is the GOAT and it's not even close — anyone who disagrees just hates greatness.",hot_take
"Steph Curry is the most impactful player in NBA history, more so than Jordan or LeBron, full stop.",hot_take
"The NBA has been rigged for the Lakers since 2002 and everyone knows it but nobody talks about it.",hot_take
"Giannis will never win a championship without a second superstar — he's just not that kind of player.",hot_take
"Luka Doncic is lazy and will never reach his full potential because of his lifestyle choices.",hot_take
"KD is a coward who ruined the NBA by joining Golden State — his rings mean nothing.",hot_take
"James Harden is the most overrated player of his generation — all stats, no heart.",hot_take
"The Eastern Conference has been trash for 15 years and any title won there is worth half an NBA championship.",hot_take
"Kawhi Leonard is the best two-way player ever and it's embarrassing how little respect he gets.",hot_take
"Zion Williamson doesn't care about basketball and never will.",hot_take
"The 2016 Warriors were the greatest team ever assembled and the Cavaliers only won because of rigged officiating.",hot_take
"Every modern NBA player is soft compared to the players of the 80s and 90s — this era is unwatchable.",hot_take
"Russell Westbrook destroyed every team he ever played for and should never have been an All-Star.",hot_take
"The Knicks will never win another championship — they're cursed and their front office is incompetent.",hot_take
"Trae Young is a one-dimensional chucker who can't play real basketball in the playoffs.",hot_take
"Ben Simmons is the biggest bust in NBA history and wasted the best years of his career deliberately.",hot_take
"Patrick Beverley is more valuable to a championship team than any superstar who can't play defense.",hot_take
"Ja Morant is more exciting to watch than anyone who has ever played in this league.",hot_take
"The NBA is unwatchable without LeBron and nobody will admit it.",hot_take
"Nikola Jokic winning MVP three times proves the award is meaningless.",hot_take
"The Nets experiment was the worst idea in NBA history and everyone involved should be embarrassed.",hot_take
"Carmelo Anthony was never a winner and his selfishness cost him a ring.",hot_take
"Paul George always chokes in big moments — that's just who he is and it will never change.",hot_take
"The current Celtics are frauds and will fall apart in the playoffs like they always do.",hot_take
"Kyrie Irving is the most talented player alive but also the most toxic human being in professional sports.",hot_take
"The play-in tournament ruined the NBA and Adam Silver should be fired for implementing it.",hot_take
"Chris Paul is allergic to winning and has sabotaged every team he's been on.",hot_take
"Draymond Green is only famous because of Steph — without him he'd be a 10th man on a lottery team.",hot_take
"Anyone who puts Kobe below LeBron on the all-time list didn't watch Kobe in his prime.",hot_take
"The Thunder tanked intentionally for years and should have been penalized by the league.",hot_take
"Jimmy Butler is the most mentally tough player in the league and would have 5 rings on a different team.",hot_take
"Devin Booker is a stat padder on a bad team who disappears every time the lights are brightest.",hot_take
"The 73-win Warriors were the greatest team ever and the 2016 Finals loss was entirely on the refs.",hot_take
"D'Angelo Russell has always been overrated and every team that trusted him regretted it.",hot_take
"NBA players today couldn't survive one game in the 1995 Eastern Conference playoffs.",hot_take
"I AM LOSING MY MIND RIGHT NOW. THAT SHOT. THAT SHOT!!",reaction
"This is the worst loss I have ever witnessed in my 20 years of watching this team. I'm done.",reaction
"He just posterized him into another dimension. The arena is going absolutely insane.",reaction
"I can't breathe. Overtime again. My heart cannot take this anymore.",reaction
"That foul call was a JOKE. I've never been this angry at a referee in my life.",reaction
"WE WON. WE ACTUALLY WON. I'M CRYING RIGHT NOW.",reaction
"I turned off the TV. I can't watch this anymore. Wake me up when it's over.",reaction
"Did that just happen?? Did that JUST HAPPEN?? Someone pinch me.",reaction
"The whole stadium just went completely silent. You could hear a pin drop.",reaction
"My hands are literally shaking after that ending. Best game I've ever watched.",reaction
"He got ejected?! Are you kidding me?! What a joke of an officiating crew.",reaction
"LETS GOOOOOOO! THIS IS WHY I WATCH BASKETBALL! THIS IS IT!",reaction
"I just woke up my entire household screaming. Worth it.",reaction
"The way this team finds new ways to break my heart every single year is genuinely impressive.",reaction
"That halftime speech must have been something else because this team came out DIFFERENT in the 3rd quarter.",reaction
"First time I've cried watching basketball in years. What a moment.",reaction
"I've been a fan for 30 years and I have never felt this kind of heartbreak. This is it. I'm done.",reaction
"He's limping. Please no. Please please please no.",reaction
"BUZZER BEATER. THE CROWD IS GOING ABSOLUTELY INSANE. I CAN'T BELIEVE WHAT I JUST WATCHED.",reaction
"Bro literally nobody on this team showed up tonight. Nobody.",reaction
"I just hugged a complete stranger at the bar. This team, man. This team.",reaction
"Why is the coach calling a timeout there?! Everyone in the building knew what was coming except him apparently.",reaction
"THAT'S THE SERIES. OH MY GOD. THAT'S THE SERIES.",reaction
"I physically cannot sit down right now. Pacing around my living room.",reaction
"He just broke his defender's ankles. The man is on the floor. Security may need to check on him.",reaction
"30 point lead. Thirty. Point. Lead. And somehow I knew. I always know.",reaction
"Just turned on the game and saw the score. Had to go for a walk. Not okay.",reaction
"I screamed so loud my neighbor called to check if I was alright. Basketball is not good for my health.",reaction
"That's it. Trade everyone. Fire the coach. Blow it up. I can't do this anymore.",reaction
"The entire arena was standing for the whole last minute. That was electric.",reaction
"He looked right at the camera after that dunk. Peak basketball.",reaction
"I have been watching this team for 22 years. Tonight reminded me exactly why I never stopped.",reaction
"I forgot basketball could feel like this. Like genuinely forgot. That was special.",reaction
"My phone is blowing up. I don't even know what to say to people right now.",reaction
"The energy in that building was different from tip-off. You could feel it coming.",reaction
"The team's offensive rating when Jokic plays the 5 versus the 4 is nearly 8 points higher per 100 possessions.",analysis
"Devin Booker has scored 30+ points in back-to-back playoff games three times — all three ended in series wins.",analysis
"Bucks' opponent FG% at the rim rises by 11 points when Brook Lopez is on the bench — he's their most impactful defender.",analysis
"The Knicks' turnover rate drops by 3.2 per 100 possessions in clutch time — they execute better under pressure.",analysis
"Jayson Tatum's assist rate has increased every single season he's been in the league — he's becoming a true playmaker.",analysis
"Miami's defensive scheme forces opponents into the most mid-range attempts in the league — a deliberately inefficient shot.",analysis
"Wembanyama's catch-and-shoot percentage (39.1%) combined with his rim protection (allowed FG% 52.3%) makes him the most complete two-way prospect in 30 years.",analysis
"The Thunder's point differential of +8.4 per game is the best in the NBA — better than the 73-win Warriors at the same point in the season.",analysis
"LeBron's PER in his age-39 season (22.1) is higher than the career PER of 41 Hall of Famers.",analysis
"Doncic's efficiency drops in games above 35 minutes — the Mavs should manage his minutes more aggressively.",analysis
"Boston's 3-point attempt rate (45.2%) is the highest in the league — their entire identity is built on the 3.",analysis
"Steph's off-ball movement creates an average of 6.2 open looks per game for teammates — his gravity is quantifiable.",analysis
"The Sixers' lineup of Embiid-Maxey-Oubre-Harris-Drummond has a net rating of +14.1 over 200 minutes together.",analysis
"Tyrese Haliburton's on/off differential (+9.3) is in the top 5 for all players regardless of position this season.",analysis
"Phoenix's pace drops by 4.1 possessions per 48 minutes in road games — they're a very different team away from home.",analysis
"Golden State's starting lineup has been outscored in 11 of their last 15 games — their bench has been the difference.",analysis
"AD's defensive RAPTOR is +4.8, placing him in the 97th percentile for centers — he's the best defensive big in the game.",analysis
"Per tracking data, Tatum creates 2.1 PPP off screens — the most efficient off-screen scorer in the East playoffs.",analysis
"Minnesota's switch rate of 68% is the highest in the league — they're built entirely around versatile defenders.",analysis
"Embiid's free throw rate (12.3 attempts per 36) is the highest in the league — he's drawing contact at an unprecedented rate.",analysis
"The Knicks draw the most charges per game in the league — it's a deliberate systemic defensive strategy under Thibs.",analysis
"Memphis scores 9.2 more points per 100 in transition than in half-court — their whole offense depends on pace.",analysis
"Klay Thompson's off-ball movement has declined measurably since his ACL injury — his screen usage dropped 31%.",analysis
"Sacramento's defensive rating improved by 6.1 points per 100 when Sabonis played drop coverage rather than switching.",analysis
"De'Aaron Fox's clutch scoring rank (4th in the league) makes him criminally underrated in national MVP conversations.",analysis
"LeBron will retire a Laker and that's final — stop with the trade rumors.",hot_take
"The NBA needs to get rid of load management — these guys are paid millions and they're sitting healthy scratches.",hot_take
"Adam Silver is the worst commissioner in American professional sports and has destroyed the product.",hot_take
"The modern game is not basketball — it's a 3-point shooting contest and it's unwatchable.",hot_take
"OKC will never win a championship because Shai is not a true superstar.",hot_take
"Anthony Edwards is going to be the best player in the world in two years and no one is prepared.",hot_take
"Wembanyama is already better than Jokic and it's not close.",hot_take
"The West is so much harder than the East that winning there should count double.",hot_take
"Kevin Durant has never been the best player on a championship team — ever.",hot_take
"The dunk contest is meaningless now — everyone knows it's scripted.",hot_take
"Any player who requests a trade should be ineligible for All-Star voting that season.",hot_take
"Kobe's work ethic made him better than LeBron regardless of the stats.",hot_take
"The Spurs dynasty was the most boring era of basketball ever and Popovich gets too much credit.",hot_take
"Dame Lillard to Milwaukee was a disaster and everyone knew it the second it was announced.",hot_take
"The media created the LeBron vs Jordan debate just to generate clicks — there is no debate.",hot_take
"Devin Booker will never be taken seriously until he wins something without CP3.",hot_take
"The 2017 Cavaliers would have beaten the Warriors in 7 if not for the suspensions.",hot_take
"All these superteams have ruined competitive balance and the league has never been less interesting.",hot_take
"Jokic's MVP was stolen from him last year and the voters should be embarrassed.",hot_take
"Load management should be illegal — you're either injured or you play.",hot_take
"OHH! Did you SEE that?! He just pulled up from the logo and DRAINED it!",reaction
"I can't even type right now. Three overtimes. I need to lie down.",reaction
"The comeback is ON. This team literally never dies. I love them so much.",reaction
"There go my bracket. There go my bracket. THERE GO MY BRACKET.",reaction
"He just stared down the entire bench after that block. Not a word said. He didn't have to.",reaction
"I physically stood up from my couch on that play. My dog looked at me very confused.",reaction
"Two minutes left. One point game. I have not blinked in four minutes.",reaction
"I should not have stayed up for this game on a work night. Totally worth it.",reaction
"That referee needs to be investigated. That call changed the entire game.",reaction
"Series over. See you next year. Gonna go eat my feelings.",reaction
"The crowd gave him a standing ovation. Even the opposing fans. That says everything.",reaction
"I have goosebumps right now. That was one of the most iconic moments in NBA history.",reaction
"Someone check on me. I haven't sat down in 15 minutes.",reaction
"He's back. Like really back. You can just feel it in the way he's moving.",reaction
"Five second violation?! In the NBA Finals?! I feel sick.",reaction
"The arena is shaking. I am watching this game alone and I still feel the energy through my TV.",reaction
"My kids are asking why I'm crying. I don't know how to explain NBA basketball to them.",reaction
"How. HOW. How do you blow that lead with 45 seconds left. Tell me how.",reaction
"I haven't rooted this hard for something since my team's last championship 19 years ago.",reaction
"It's over and I still can't process it. What a game. What an absolute game.",reaction
"This officiating crew has had it out for us all season. Every call. Every single call.",reaction
"I turned the game off down 18 with 6 minutes left. Just refreshed the score. I hate myself.",reaction
"The broadcast team is just as shocked as I am. Nobody saw that coming.",reaction
"That walk-off 3 will be in highlight reels for 20 years. I was watching live.",reaction
"Just texted everyone I know. Nobody responded because it's 1AM. Worth it.",reaction
"When Jokic posts a triple-double in the playoffs it's barely news anymore — that's how dominant he's been.",hot_take
"The Celtics won because they had the best defense in the league this season — that's not luck, that's construction.",hot_take
"Nobody in the league right now can guard Anthony Edwards one-on-one — he's already unstoppable.",hot_take
"SGA is the most underrated player in the NBA and it's not even close.",hot_take
"The Warriors dynasty is officially dead and Steph deserves better than this front office.",hot_take
"Giannis without a jump shot will never be a true Finals MVP contender again.",hot_take
"The Nuggets are a one-man team and the moment Jokic has one bad series they're going home.",hot_take
"Cleveland is the most slept-on team in the East and everyone will regret ignoring them.",hot_take
"Tyrese Maxey is going to be a top-5 player in the league within two years.",hot_take
"The league is genuinely not prepared for what Wembanyama is going to become.",hot_take
"Anthony Davis shows up when it matters and anyone who says otherwise is just a hater.",hot_take
"This is the best era of NBA basketball since the early 2000s — the talent level is insane right now.",hot_take
"BUZZER BEATER TO WIN THE SERIES. MY VOICE IS GONE. I HAVE NO VOICE LEFT.",reaction
"I just sat in silence for five minutes after that final buzzer. Absolutely nothing to say.",reaction
"The way this team just executed in the last 30 seconds is making me tear up fr.",reaction
"He hit that shot and looked at the bench like it was nothing. Ice in his veins.",reaction
"I haven't felt this good watching basketball since 2016. Something special is happening.",reaction
"That was the ugliest beautiful win I've ever seen. I'll take it.",reaction
"My whole body went numb when the final whistle blew. I can't explain it.",reaction
"I screamed and scared my cat so badly she hid under the bed. Worth it.",reaction
"The comeback was so sudden I actually thought my stream was glitched.",reaction
"Three missed free throws and he still hits the game winner. This man is built different.",reaction
"I want to frame that last possession and hang it on my wall.",reaction
"I am not okay. This team does something to me every single time.",reaction
"Season over. Time to start hoping for next year. Same ritual, different pain.",reaction
"Per advanced metrics, the Pacers' offensive rating improves by 11.3 points per 100 when they push pace above 100 possessions per game.",analysis
"Brunson's isolation scoring efficiency (1.04 PPP) ranks in the 93rd percentile for guards this postseason.",analysis
"The Cavaliers have held opponents under 100 points in 6 consecutive home playoff games — their defense at Rocket Mortgage is historically dominant.",analysis
"Trae Young's fourth-quarter assist rate drops by 18% in road elimination games compared to home games, per tracking data.",analysis
"OKC's turnover rate of 11.2% is the lowest in the league — they protect the ball better than any team since the 2015 Warriors.",analysis